method,config,instance,avg_best8,best8,worst8,std8
VNS,"iter=40;shake=2;ls=460",cap41_ss,1.56832e+06,1.56032e+06,1.57848e+06,6527.43
VNS,"iter=40;shake=2;ls=460",cap81_ss,1.187e+06,1.18341e+06,1.19383e+06,3232.2
VNS,"iter=40;shake=2;ls=460",cap111_ss,1.19814e+06,1.18453e+06,1.20813e+06,7305.6
VNS,"iter=40;shake=4;ls=460",cap41_ss,1.56984e+06,1.56193e+06,1.58005e+06,6374.48
VNS,"iter=40;shake=4;ls=460",cap81_ss,1.18788e+06,1.18594e+06,1.19099e+06,1902.35
VNS,"iter=40;shake=4;ls=460",cap111_ss,1.19647e+06,1.18223e+06,1.20925e+06,8438.07
VNS,"iter=40;shake=6;ls=460",cap41_ss,1.56651e+06,1.55975e+06,1.58215e+06,6528.83
VNS,"iter=40;shake=6;ls=460",cap81_ss,1.18822e+06,1.18326e+06,1.19501e+06,3598.1
VNS,"iter=40;shake=6;ls=460",cap111_ss,1.19221e+06,1.17739e+06,1.21396e+06,12524
VNS,"iter=40;shake=8;ls=460",cap41_ss,1.56758e+06,1.56064e+06,1.57558e+06,4136.36
VNS,"iter=40;shake=8;ls=460",cap81_ss,1.18933e+06,1.1829e+06,1.19562e+06,3598.38
VNS,"iter=40;shake=8;ls=460",cap111_ss,1.19587e+06,1.17856e+06,1.21558e+06,12425.8
VNS,"iter=40;shake=10;ls=460",cap41_ss,1.56894e+06,1.5609e+06,1.58707e+06,8967.72
VNS,"iter=40;shake=10;ls=460",cap81_ss,1.18887e+06,1.18074e+06,1.19558e+06,4114.96
VNS,"iter=40;shake=10;ls=460",cap111_ss,1.195e+06,1.18388e+06,1.21156e+06,9243.54
VNS,"iter=40;shake=2;ls=480",cap41_ss,1.56992e+06,1.55975e+06,1.57734e+06,6969.1
VNS,"iter=40;shake=2;ls=480",cap81_ss,1.18643e+06,1.18341e+06,1.18883e+06,1949.34
VNS,"iter=40;shake=2;ls=480",cap111_ss,1.19004e+06,1.18191e+06,1.19988e+06,6110.61
VNS,"iter=40;shake=4;ls=480",cap41_ss,1.56316e+06,1.55975e+06,1.56998e+06,3282.6
VNS,"iter=40;shake=4;ls=480",cap81_ss,1.18706e+06,1.18314e+06,1.19256e+06,3325.76
VNS,"iter=40;shake=4;ls=480",cap111_ss,1.19659e+06,1.18227e+06,1.20305e+06,6831.51
VNS,"iter=40;shake=6;ls=480",cap41_ss,1.56481e+06,1.56123e+06,1.57338e+06,3669.32
VNS,"iter=40;shake=6;ls=480",cap81_ss,1.18998e+06,1.18546e+06,1.19616e+06,3886.4
VNS,"iter=40;shake=6;ls=480",cap111_ss,1.19655e+06,1.18101e+06,1.21103e+06,9966.2
VNS,"iter=40;shake=8;ls=480",cap41_ss,1.56643e+06,1.56185e+06,1.57734e+06,5053.64
VNS,"iter=40;shake=8;ls=480",cap81_ss,1.18989e+06,1.18511e+06,1.19629e+06,4134.59
VNS,"iter=40;shake=8;ls=480",cap111_ss,1.19628e+06,1.18148e+06,1.20895e+06,9694.52
VNS,"iter=40;shake=10;ls=480",cap41_ss,1.56661e+06,1.56436e+06,1.57251e+06,2834.52
VNS,"iter=40;shake=10;ls=480",cap81_ss,1.18745e+06,1.18175e+06,1.19723e+06,4408.49
VNS,"iter=40;shake=10;ls=480",cap111_ss,1.19983e+06,1.18899e+06,1.21834e+06,9405.26
VNS,"iter=40;shake=2;ls=500",cap41_ss,1.56595e+06,1.5619e+06,1.57585e+06,4612.02
VNS,"iter=40;shake=2;ls=500",cap81_ss,1.18795e+06,1.18341e+06,1.19188e+06,2685.02
VNS,"iter=40;shake=2;ls=500",cap111_ss,1.19525e+06,1.17712e+06,1.2117e+06,9238.59
VNS,"iter=40;shake=4;ls=500",cap41_ss,1.56427e+06,1.56038e+06,1.57148e+06,3958.65
VNS,"iter=40;shake=4;ls=500",cap81_ss,1.18781e+06,1.18341e+06,1.19548e+06,3643.42
VNS,"iter=40;shake=4;ls=500",cap111_ss,1.18865e+06,1.17986e+06,1.19893e+06,6272.51
VNS,"iter=40;shake=6;ls=500",cap41_ss,1.56428e+06,1.55975e+06,1.58166e+06,6773.96
VNS,"iter=40;shake=6;ls=500",cap81_ss,1.18758e+06,1.1852e+06,1.18999e+06,1449.67
VNS,"iter=40;shake=6;ls=500",cap111_ss,1.19609e+06,1.18363e+06,1.20301e+06,6499.41
VNS,"iter=40;shake=8;ls=500",cap41_ss,1.56752e+06,1.56233e+06,1.57822e+06,5030.31
VNS,"iter=40;shake=8;ls=500",cap81_ss,1.18715e+06,1.18572e+06,1.188e+06,759.726
VNS,"iter=40;shake=8;ls=500",cap111_ss,1.197e+06,1.18394e+06,1.2087e+06,6888.43
VNS,"iter=40;shake=10;ls=500",cap41_ss,1.56685e+06,1.5626e+06,1.58276e+06,7001.48
VNS,"iter=40;shake=10;ls=500",cap81_ss,1.18827e+06,1.18341e+06,1.19217e+06,2633.67
VNS,"iter=40;shake=10;ls=500",cap111_ss,1.18643e+06,1.17806e+06,1.20465e+06,7757.06
VNS,"iter=40;shake=2;ls=520",cap41_ss,1.56531e+06,1.55981e+06,1.57338e+06,3846.52
VNS,"iter=40;shake=2;ls=520",cap81_ss,1.18738e+06,1.18379e+06,1.19326e+06,2724.34
VNS,"iter=40;shake=2;ls=520",cap111_ss,1.19311e+06,1.18137e+06,1.20567e+06,7858.64
VNS,"iter=40;shake=4;ls=520",cap41_ss,1.56708e+06,1.56329e+06,1.57461e+06,3544.68
VNS,"iter=40;shake=4;ls=520",cap81_ss,1.18824e+06,1.18341e+06,1.19478e+06,3669.6
VNS,"iter=40;shake=4;ls=520",cap111_ss,1.18919e+06,1.18066e+06,1.20401e+06,6887.78
VNS,"iter=40;shake=6;ls=520",cap41_ss,1.56349e+06,1.55993e+06,1.56674e+06,1945.42
VNS,"iter=40;shake=6;ls=520",cap81_ss,1.18781e+06,1.1817e+06,1.19656e+06,4268.36
VNS,"iter=40;shake=6;ls=520",cap111_ss,1.19313e+06,1.18479e+06,1.20257e+06,6695.71
VNS,"iter=40;shake=8;ls=520",cap41_ss,1.56466e+06,1.55975e+06,1.5676e+06,2394.22
VNS,"iter=40;shake=8;ls=520",cap81_ss,1.18556e+06,1.1817e+06,1.18894e+06,1889.93
VNS,"iter=40;shake=8;ls=520",cap111_ss,1.19641e+06,1.18513e+06,1.21761e+06,9655.85
VNS,"iter=40;shake=10;ls=520",cap41_ss,1.56673e+06,1.55975e+06,1.57734e+06,5025.98
VNS,"iter=40;shake=10;ls=520",cap81_ss,1.19048e+06,1.18412e+06,1.19787e+06,4184.78
VNS,"iter=40;shake=10;ls=520",cap111_ss,1.1961e+06,1.18281e+06,1.2134e+06,9824.4
VNS,"iter=50;shake=2;ls=360",cap41_ss,1.56406e+06,1.55975e+06,1.56963e+06,3146.58
VNS,"iter=50;shake=2;ls=360",cap81_ss,1.18831e+06,1.18386e+06,1.19558e+06,3116.93
VNS,"iter=50;shake=2;ls=360",cap111_ss,1.1894e+06,1.18019e+06,1.19709e+06,6097.99
VNS,"iter=50;shake=4;ls=360",cap41_ss,1.56686e+06,1.56072e+06,1.57448e+06,3637.12
VNS,"iter=50;shake=4;ls=360",cap81_ss,1.18975e+06,1.18473e+06,1.19294e+06,2624.85
VNS,"iter=50;shake=4;ls=360",cap111_ss,1.204e+06,1.19383e+06,1.21602e+06,8199.56
VNS,"iter=50;shake=6;ls=360",cap41_ss,1.57137e+06,1.56413e+06,1.58083e+06,6163.18
VNS,"iter=50;shake=6;ls=360",cap81_ss,1.18826e+06,1.18519e+06,1.19209e+06,2378.79
VNS,"iter=50;shake=6;ls=360",cap111_ss,1.20053e+06,1.19218e+06,1.20907e+06,4335.38
VNS,"iter=50;shake=8;ls=360",cap41_ss,1.5689e+06,1.55981e+06,1.59127e+06,9168.37
VNS,"iter=50;shake=8;ls=360",cap81_ss,1.1909e+06,1.18695e+06,1.20289e+06,4813.84
VNS,"iter=50;shake=8;ls=360",cap111_ss,1.20387e+06,1.18039e+06,1.20971e+06,9464.69
VNS,"iter=50;shake=10;ls=360",cap41_ss,1.56866e+06,1.5607e+06,1.58473e+06,6987.56
VNS,"iter=50;shake=10;ls=360",cap81_ss,1.19071e+06,1.18608e+06,1.19649e+06,3307.66
VNS,"iter=50;shake=10;ls=360",cap111_ss,1.20004e+06,1.18688e+06,1.22872e+06,13045.4
VNS,"iter=50;shake=2;ls=380",cap41_ss,1.56861e+06,1.56187e+06,1.58584e+06,7655.76
VNS,"iter=50;shake=2;ls=380",cap81_ss,1.18943e+06,1.18605e+06,1.19944e+06,4202.58
VNS,"iter=50;shake=2;ls=380",cap111_ss,1.19185e+06,1.18662e+06,1.19529e+06,2753.69
VNS,"iter=50;shake=4;ls=380",cap41_ss,1.56988e+06,1.56172e+06,1.57906e+06,6702.05
VNS,"iter=50;shake=4;ls=380",cap81_ss,1.18971e+06,1.18471e+06,1.20104e+06,5008.03
VNS,"iter=50;shake=4;ls=380",cap111_ss,1.19315e+06,1.18096e+06,1.21873e+06,11380.7
VNS,"iter=50;shake=6;ls=380",cap41_ss,1.56737e+06,1.55975e+06,1.5779e+06,5415.31
VNS,"iter=50;shake=6;ls=380",cap81_ss,1.19033e+06,1.18074e+06,1.19774e+06,4897.6
VNS,"iter=50;shake=6;ls=380",cap111_ss,1.20203e+06,1.1872e+06,1.21138e+06,7697.55
VNS,"iter=50;shake=8;ls=380",cap41_ss,1.56935e+06,1.55975e+06,1.58896e+06,9861.06
VNS,"iter=50;shake=8;ls=380",cap81_ss,1.19042e+06,1.18679e+06,1.19637e+06,3571.44
VNS,"iter=50;shake=8;ls=380",cap111_ss,1.19835e+06,1.19123e+06,1.21062e+06,6610.26
VNS,"iter=50;shake=10;ls=380",cap41_ss,1.56888e+06,1.55975e+06,1.58069e+06,7129.55
VNS,"iter=50;shake=10;ls=380",cap81_ss,1.18665e+06,1.1808e+06,1.19413e+06,3630.19
VNS,"iter=50;shake=10;ls=380",cap111_ss,1.19299e+06,1.18144e+06,1.20111e+06,6758.62
VNS,"iter=50;shake=2;ls=400",cap41_ss,1.57216e+06,1.5654e+06,1.5779e+06,4600.27
VNS,"iter=50;shake=2;ls=400",cap81_ss,1.18992e+06,1.18437e+06,1.19814e+06,4603.15
VNS,"iter=50;shake=2;ls=400",cap111_ss,1.19391e+06,1.18151e+06,1.20292e+06,6441.6
VNS,"iter=50;shake=4;ls=400",cap41_ss,1.56698e+06,1.56027e+06,1.5779e+06,5919.11
VNS,"iter=50;shake=4;ls=400",cap81_ss,1.19017e+06,1.18074e+06,1.2036e+06,6601.44
VNS,"iter=50;shake=4;ls=400",cap111_ss,1.1958e+06,1.18545e+06,1.21059e+06,7665.14
VNS,"iter=50;shake=6;ls=400",cap41_ss,1.56928e+06,1.56246e+06,1.58191e+06,6933.63
VNS,"iter=50;shake=6;ls=400",cap81_ss,1.18786e+06,1.18314e+06,1.19356e+06,3657.16
VNS,"iter=50;shake=6;ls=400",cap111_ss,1.19807e+06,1.18709e+06,1.21076e+06,7688.28
VNS,"iter=50;shake=8;ls=400",cap41_ss,1.57498e+06,1.56392e+06,1.59234e+06,8402.39
VNS,"iter=50;shake=8;ls=400",cap81_ss,1.18595e+06,1.18074e+06,1.19185e+06,3422.8
VNS,"iter=50;shake=8;ls=400",cap111_ss,1.1925e+06,1.18237e+06,1.21328e+06,9195.97
VNS,"iter=50;shake=10;ls=400",cap41_ss,1.56685e+06,1.56059e+06,1.58006e+06,5691.86
VNS,"iter=50;shake=10;ls=400",cap81_ss,1.18875e+06,1.18473e+06,1.19643e+06,3868.44
VNS,"iter=50;shake=10;ls=400",cap111_ss,1.19596e+06,1.18052e+06,1.20682e+06,8395.62
VNS,"iter=50;shake=2;ls=420",cap41_ss,1.5683e+06,1.56088e+06,1.58482e+06,7947.36
VNS,"iter=50;shake=2;ls=420",cap81_ss,1.19072e+06,1.18578e+06,1.19809e+06,3617.76
VNS,"iter=50;shake=2;ls=420",cap111_ss,1.19043e+06,1.18308e+06,1.20694e+06,7053.9
VNS,"iter=50;shake=4;ls=420",cap41_ss,1.57244e+06,1.56271e+06,1.58572e+06,8383.38
VNS,"iter=50;shake=4;ls=420",cap81_ss,1.19042e+06,1.18342e+06,1.19695e+06,4609.75
VNS,"iter=50;shake=4;ls=420",cap111_ss,1.2006e+06,1.18779e+06,1.20665e+06,7220.97
VNS,"iter=50;shake=6;ls=420",cap41_ss,1.56548e+06,1.56063e+06,1.57121e+06,3758.4
VNS,"iter=50;shake=6;ls=420",cap81_ss,1.18779e+06,1.18546e+06,1.19065e+06,1780.8
VNS,"iter=50;shake=6;ls=420",cap111_ss,1.19525e+06,1.18355e+06,1.20397e+06,5659.2
VNS,"iter=50;shake=8;ls=420",cap41_ss,1.56747e+06,1.56074e+06,1.57558e+06,4397.77
VNS,"iter=50;shake=8;ls=420",cap81_ss,1.18659e+06,1.18341e+06,1.19023e+06,2129.81
VNS,"iter=50;shake=8;ls=420",cap111_ss,1.19415e+06,1.18204e+06,1.20687e+06,9079.35
VNS,"iter=50;shake=10;ls=420",cap41_ss,1.56955e+06,1.55975e+06,1.58326e+06,8997.28
VNS,"iter=50;shake=10;ls=420",cap81_ss,1.18747e+06,1.18314e+06,1.19326e+06,3711.52
VNS,"iter=50;shake=10;ls=420",cap111_ss,1.18976e+06,1.17578e+06,1.20496e+06,8633.64
VNS,"iter=60;shake=2;ls=293",cap41_ss,1.56333e+06,1.5607e+06,1.56803e+06,2194
VNS,"iter=60;shake=2;ls=293",cap81_ss,1.19183e+06,1.18341e+06,1.20267e+06,5541.08
VNS,"iter=60;shake=2;ls=293",cap111_ss,1.20181e+06,1.1894e+06,1.21191e+06,6977.54
VNS,"iter=60;shake=4;ls=293",cap41_ss,1.56558e+06,1.56039e+06,1.57103e+06,3426.54
VNS,"iter=60;shake=4;ls=293",cap81_ss,1.19023e+06,1.18367e+06,1.19746e+06,4206.06
VNS,"iter=60;shake=4;ls=293",cap111_ss,1.20091e+06,1.18027e+06,1.21468e+06,10890.5
VNS,"iter=60;shake=6;ls=293",cap41_ss,1.56619e+06,1.56059e+06,1.58502e+06,7369.6
VNS,"iter=60;shake=6;ls=293",cap81_ss,1.18818e+06,1.18197e+06,1.19495e+06,3996.42
VNS,"iter=60;shake=6;ls=293",cap111_ss,1.20073e+06,1.18898e+06,1.20811e+06,7675.39
VNS,"iter=60;shake=8;ls=293",cap41_ss,1.5646e+06,1.56032e+06,1.57092e+06,3410.58
VNS,"iter=60;shake=8;ls=293",cap81_ss,1.19149e+06,1.18572e+06,1.19745e+06,3443.44
VNS,"iter=60;shake=8;ls=293",cap111_ss,1.20376e+06,1.1827e+06,1.21889e+06,9457.38
VNS,"iter=60;shake=10;ls=293",cap41_ss,1.57549e+06,1.56306e+06,1.62151e+06,17928.4
VNS,"iter=60;shake=10;ls=293",cap81_ss,1.1897e+06,1.18487e+06,1.19542e+06,3364.69
VNS,"iter=60;shake=10;ls=293",cap111_ss,1.19949e+06,1.18868e+06,1.21464e+06,7854.09
VNS,"iter=60;shake=2;ls=313",cap41_ss,1.56937e+06,1.56006e+06,1.57845e+06,5747.29
VNS,"iter=60;shake=2;ls=313",cap81_ss,1.18626e+06,1.18074e+06,1.1959e+06,4220.1
VNS,"iter=60;shake=2;ls=313",cap111_ss,1.19828e+06,1.18241e+06,1.21683e+06,10004.5
VNS,"iter=60;shake=4;ls=313",cap41_ss,1.57009e+06,1.56271e+06,1.57734e+06,5550.16
VNS,"iter=60;shake=4;ls=313",cap81_ss,1.18927e+06,1.18314e+06,1.19719e+06,4239.12
VNS,"iter=60;shake=4;ls=313",cap111_ss,1.19574e+06,1.18931e+06,1.20711e+06,5849.13
VNS,"iter=60;shake=6;ls=313",cap41_ss,1.58085e+06,1.56663e+06,1.61931e+06,15246.3
VNS,"iter=60;shake=6;ls=313",cap81_ss,1.18801e+06,1.18445e+06,1.1933e+06,2452.23
VNS,"iter=60;shake=6;ls=313",cap111_ss,1.19779e+06,1.18935e+06,1.20855e+06,5839.06
VNS,"iter=60;shake=8;ls=313",cap41_ss,1.56805e+06,1.55975e+06,1.57558e+06,4832.34
VNS,"iter=60;shake=8;ls=313",cap81_ss,1.1897e+06,1.18432e+06,1.1969e+06,4507.18
VNS,"iter=60;shake=8;ls=313",cap111_ss,1.19614e+06,1.18789e+06,1.20469e+06,5798.16
VNS,"iter=60;shake=10;ls=313",cap41_ss,1.56613e+06,1.56004e+06,1.57237e+06,3395.53
VNS,"iter=60;shake=10;ls=313",cap81_ss,1.18856e+06,1.1853e+06,1.19386e+06,3265.06
VNS,"iter=60;shake=10;ls=313",cap111_ss,1.20118e+06,1.17766e+06,1.21359e+06,11115.8
VNS,"iter=60;shake=2;ls=333",cap41_ss,1.57211e+06,1.55975e+06,1.58809e+06,9214.57
VNS,"iter=60;shake=2;ls=333",cap81_ss,1.18904e+06,1.18445e+06,1.19275e+06,2708.14
VNS,"iter=60;shake=2;ls=333",cap111_ss,1.19988e+06,1.18146e+06,1.23194e+06,16024
VNS,"iter=60;shake=4;ls=333",cap41_ss,1.56746e+06,1.56032e+06,1.58381e+06,7045.3
VNS,"iter=60;shake=4;ls=333",cap81_ss,1.18747e+06,1.18273e+06,1.19552e+06,3787.56
VNS,"iter=60;shake=4;ls=333",cap111_ss,1.19538e+06,1.17421e+06,1.20917e+06,9845.38
VNS,"iter=60;shake=6;ls=333",cap41_ss,1.56967e+06,1.56151e+06,1.58056e+06,6670.76
VNS,"iter=60;shake=6;ls=333",cap81_ss,1.18841e+06,1.18608e+06,1.19103e+06,1568.35
VNS,"iter=60;shake=6;ls=333",cap111_ss,1.19289e+06,1.18832e+06,1.20122e+06,4295.02
VNS,"iter=60;shake=8;ls=333",cap41_ss,1.56639e+06,1.56335e+06,1.57244e+06,2832.34
VNS,"iter=60;shake=8;ls=333",cap81_ss,1.18943e+06,1.18596e+06,1.19422e+06,2741.48
VNS,"iter=60;shake=8;ls=333",cap111_ss,1.19626e+06,1.18022e+06,1.21202e+06,11292.5
VNS,"iter=60;shake=10;ls=333",cap41_ss,1.57619e+06,1.56509e+06,1.62042e+06,17154
VNS,"iter=60;shake=10;ls=333",cap81_ss,1.18986e+06,1.18406e+06,1.19771e+06,4037.29
VNS,"iter=60;shake=10;ls=333",cap111_ss,1.20283e+06,1.19568e+06,1.23245e+06,11465.5
VNS,"iter=60;shake=2;ls=353",cap41_ss,1.56994e+06,1.56309e+06,1.5779e+06,5672.83
VNS,"iter=60;shake=2;ls=353",cap81_ss,1.18948e+06,1.18429e+06,1.19556e+06,3399.26
VNS,"iter=60;shake=2;ls=353",cap111_ss,1.19935e+06,1.19098e+06,1.21085e+06,7500.25
VNS,"iter=60;shake=4;ls=353",cap41_ss,1.56678e+06,1.56221e+06,1.57759e+06,4656.46
VNS,"iter=60;shake=4;ls=353",cap81_ss,1.18925e+06,1.18503e+06,1.19443e+06,2914.89
VNS,"iter=60;shake=4;ls=353",cap111_ss,1.19744e+06,1.18586e+06,1.20992e+06,7552.05
VNS,"iter=60;shake=6;ls=353",cap41_ss,1.56804e+06,1.56185e+06,1.5846e+06,7744.25
VNS,"iter=60;shake=6;ls=353",cap81_ss,1.18903e+06,1.18569e+06,1.19392e+06,2566.19
VNS,"iter=60;shake=6;ls=353",cap111_ss,1.19629e+06,1.18035e+06,1.20474e+06,7628.77
VNS,"iter=60;shake=8;ls=353",cap41_ss,1.5671e+06,1.56064e+06,1.58139e+06,8300.55
VNS,"iter=60;shake=8;ls=353",cap81_ss,1.18932e+06,1.18341e+06,1.19778e+06,4793.21
VNS,"iter=60;shake=8;ls=353",cap111_ss,1.19227e+06,1.17491e+06,1.20431e+06,9313.6
VNS,"iter=60;shake=10;ls=353",cap41_ss,1.56773e+06,1.55982e+06,1.58384e+06,7576.6
VNS,"iter=60;shake=10;ls=353",cap81_ss,1.18747e+06,1.18098e+06,1.19139e+06,2942.66
VNS,"iter=60;shake=10;ls=353",cap111_ss,1.19538e+06,1.18435e+06,1.20932e+06,9389.18
VNS,"iter=80;shake=2;ls=210",cap41_ss,1.57708e+06,1.56329e+06,1.62657e+06,19433.9
VNS,"iter=80;shake=2;ls=210",cap81_ss,1.1906e+06,1.18639e+06,1.19789e+06,3609.67
VNS,"iter=80;shake=2;ls=210",cap111_ss,1.2014e+06,1.19213e+06,1.20978e+06,5757.89
VNS,"iter=80;shake=4;ls=210",cap41_ss,1.56991e+06,1.56217e+06,1.58138e+06,6951.61
VNS,"iter=80;shake=4;ls=210",cap81_ss,1.19069e+06,1.18427e+06,1.19683e+06,3719.24
VNS,"iter=80;shake=4;ls=210",cap111_ss,1.19875e+06,1.18878e+06,1.21594e+06,8670.86
VNS,"iter=80;shake=6;ls=210",cap41_ss,1.5724e+06,1.56191e+06,1.588e+06,7193.87
VNS,"iter=80;shake=6;ls=210",cap81_ss,1.19525e+06,1.187e+06,1.2016e+06,4890.79
VNS,"iter=80;shake=6;ls=210",cap111_ss,1.19553e+06,1.17976e+06,1.21394e+06,9431.57
VNS,"iter=80;shake=8;ls=210",cap41_ss,1.57213e+06,1.56241e+06,1.58832e+06,7674.44
VNS,"iter=80;shake=8;ls=210",cap81_ss,1.1895e+06,1.18111e+06,1.19796e+06,4905.68
VNS,"iter=80;shake=8;ls=210",cap111_ss,1.20884e+06,1.18869e+06,1.22277e+06,11876.1
VNS,"iter=80;shake=10;ls=210",cap41_ss,1.57432e+06,1.56455e+06,1.60265e+06,11608.3
VNS,"iter=80;shake=10;ls=210",cap81_ss,1.19066e+06,1.18843e+06,1.1941e+06,1728.33
VNS,"iter=80;shake=10;ls=210",cap111_ss,1.20445e+06,1.19222e+06,1.22329e+06,10934
VNS,"iter=80;shake=2;ls=230",cap41_ss,1.57055e+06,1.56519e+06,1.5814e+06,5661.34
VNS,"iter=80;shake=2;ls=230",cap81_ss,1.18787e+06,1.18445e+06,1.19314e+06,2402.52
VNS,"iter=80;shake=2;ls=230",cap111_ss,1.20949e+06,1.19517e+06,1.22827e+06,10854.3
VNS,"iter=80;shake=4;ls=230",cap41_ss,1.57055e+06,1.56193e+06,1.58206e+06,7429.94
VNS,"iter=80;shake=4;ls=230",cap81_ss,1.19143e+06,1.18597e+06,1.19823e+06,4059.98
VNS,"iter=80;shake=4;ls=230",cap111_ss,1.19977e+06,1.18648e+06,1.21542e+06,8090.32
VNS,"iter=80;shake=6;ls=230",cap41_ss,1.56578e+06,1.56108e+06,1.57538e+06,4566.17
VNS,"iter=80;shake=6;ls=230",cap81_ss,1.18813e+06,1.18299e+06,1.1968e+06,4137.06
VNS,"iter=80;shake=6;ls=230",cap111_ss,1.19751e+06,1.18655e+06,1.20875e+06,6694.65
VNS,"iter=80;shake=8;ls=230",cap41_ss,1.56902e+06,1.562e+06,1.57852e+06,5222.4
VNS,"iter=80;shake=8;ls=230",cap81_ss,1.18913e+06,1.18465e+06,1.19592e+06,3144.73
VNS,"iter=80;shake=8;ls=230",cap111_ss,1.20138e+06,1.19013e+06,1.20999e+06,6494.91
VNS,"iter=80;shake=10;ls=230",cap41_ss,1.56573e+06,1.56069e+06,1.57564e+06,5098.9
VNS,"iter=80;shake=10;ls=230",cap81_ss,1.19088e+06,1.18341e+06,1.20961e+06,8098.45
VNS,"iter=80;shake=10;ls=230",cap111_ss,1.20044e+06,1.18603e+06,1.2139e+06,9487.92
VNS,"iter=80;shake=2;ls=250",cap41_ss,1.5711e+06,1.56059e+06,1.5893e+06,9016.56
VNS,"iter=80;shake=2;ls=250",cap81_ss,1.19143e+06,1.18682e+06,1.19643e+06,3319.06
VNS,"iter=80;shake=2;ls=250",cap111_ss,1.19813e+06,1.18579e+06,1.21587e+06,8881.4
VNS,"iter=80;shake=4;ls=250",cap41_ss,1.56893e+06,1.56297e+06,1.5745e+06,3036.27
VNS,"iter=80;shake=4;ls=250",cap81_ss,1.18962e+06,1.18413e+06,1.19301e+06,2533.86
VNS,"iter=80;shake=4;ls=250",cap111_ss,1.19932e+06,1.18757e+06,1.21472e+06,8289.99
VNS,"iter=80;shake=6;ls=250",cap41_ss,1.5743e+06,1.56064e+06,1.62358e+06,19352.5
VNS,"iter=80;shake=6;ls=250",cap81_ss,1.19035e+06,1.18382e+06,1.19771e+06,3867.19
VNS,"iter=80;shake=6;ls=250",cap111_ss,1.19741e+06,1.18752e+06,1.21321e+06,8014.46
VNS,"iter=80;shake=8;ls=250",cap41_ss,1.56774e+06,1.56388e+06,1.57887e+06,4970.03
VNS,"iter=80;shake=8;ls=250",cap81_ss,1.1917e+06,1.18622e+06,1.20338e+06,5368.99
VNS,"iter=80;shake=8;ls=250",cap111_ss,1.20045e+06,1.19409e+06,1.2125e+06,5967.97
VNS,"iter=80;shake=10;ls=250",cap41_ss,1.56808e+06,1.55975e+06,1.57874e+06,6772.81
VNS,"iter=80;shake=10;ls=250",cap81_ss,1.18973e+06,1.18314e+06,1.19644e+06,5297.5
VNS,"iter=80;shake=10;ls=250",cap111_ss,1.19737e+06,1.18149e+06,1.21676e+06,11241.4
VNS,"iter=80;shake=2;ls=270",cap41_ss,1.56436e+06,1.56164e+06,1.56821e+06,2268.23
VNS,"iter=80;shake=2;ls=270",cap81_ss,1.18891e+06,1.18324e+06,1.19405e+06,3161.42
VNS,"iter=80;shake=2;ls=270",cap111_ss,1.20159e+06,1.19147e+06,1.21153e+06,7464.38
VNS,"iter=80;shake=4;ls=270",cap41_ss,1.56953e+06,1.56115e+06,1.58986e+06,9183.49
VNS,"iter=80;shake=4;ls=270",cap81_ss,1.19024e+06,1.18633e+06,1.19642e+06,3294.39
VNS,"iter=80;shake=4;ls=270",cap111_ss,1.20033e+06,1.18411e+06,1.21529e+06,10552.8
VNS,"iter=80;shake=6;ls=270",cap41_ss,1.56789e+06,1.55975e+06,1.57734e+06,5734.05
VNS,"iter=80;shake=6;ls=270",cap81_ss,1.18737e+06,1.18372e+06,1.19262e+06,2552.24
VNS,"iter=80;shake=6;ls=270",cap111_ss,1.18929e+06,1.17704e+06,1.19736e+06,6311.02
VNS,"iter=80;shake=8;ls=270",cap41_ss,1.56851e+06,1.5627e+06,1.57635e+06,4129.95
VNS,"iter=80;shake=8;ls=270",cap81_ss,1.19091e+06,1.18668e+06,1.19368e+06,2470.14
VNS,"iter=80;shake=8;ls=270",cap111_ss,1.20196e+06,1.19249e+06,1.21392e+06,7837.76
VNS,"iter=80;shake=10;ls=270",cap41_ss,1.5676e+06,1.56296e+06,1.5786e+06,4592.45
VNS,"iter=80;shake=10;ls=270",cap81_ss,1.18878e+06,1.18324e+06,1.1957e+06,4465.02
VNS,"iter=80;shake=10;ls=270",cap111_ss,1.19531e+06,1.17823e+06,1.215e+06,10910.9
VNS,"iter=100;shake=2;ls=160",cap41_ss,1.57152e+06,1.56039e+06,1.57848e+06,6316.84
VNS,"iter=100;shake=2;ls=160",cap81_ss,1.19429e+06,1.18806e+06,1.20504e+06,6465.5
VNS,"iter=100;shake=2;ls=160",cap111_ss,1.20237e+06,1.18975e+06,1.21067e+06,6511.26
VNS,"iter=100;shake=4;ls=160",cap41_ss,1.57006e+06,1.56076e+06,1.58924e+06,8591.64
VNS,"iter=100;shake=4;ls=160",cap81_ss,1.19075e+06,1.18379e+06,1.19715e+06,4889.03
VNS,"iter=100;shake=4;ls=160",cap111_ss,1.20482e+06,1.18587e+06,1.2222e+06,11709.8
VNS,"iter=100;shake=6;ls=160",cap41_ss,1.56823e+06,1.56261e+06,1.58166e+06,6561.81
VNS,"iter=100;shake=6;ls=160",cap81_ss,1.19232e+06,1.18412e+06,1.19757e+06,4041.1
VNS,"iter=100;shake=6;ls=160",cap111_ss,1.20027e+06,1.19129e+06,1.208e+06,4731.75
VNS,"iter=100;shake=8;ls=160",cap41_ss,1.56972e+06,1.56526e+06,1.58181e+06,5026.36
VNS,"iter=100;shake=8;ls=160",cap81_ss,1.19184e+06,1.1873e+06,1.19783e+06,3376.05
VNS,"iter=100;shake=8;ls=160",cap111_ss,1.20052e+06,1.18717e+06,1.20832e+06,6709.17
VNS,"iter=100;shake=10;ls=160",cap41_ss,1.57526e+06,1.56233e+06,1.59161e+06,9937.26
VNS,"iter=100;shake=10;ls=160",cap81_ss,1.19666e+06,1.18992e+06,1.20779e+06,6201.28
VNS,"iter=100;shake=10;ls=160",cap111_ss,1.20263e+06,1.1826e+06,1.2211e+06,11603.5
VNS,"iter=100;shake=2;ls=180",cap41_ss,1.57227e+06,1.56382e+06,1.58613e+06,6447.41
VNS,"iter=100;shake=2;ls=180",cap81_ss,1.19463e+06,1.18774e+06,1.20398e+06,4930.59
VNS,"iter=100;shake=2;ls=180",cap111_ss,1.21328e+06,1.2006e+06,1.23193e+06,8809.55
VNS,"iter=100;shake=4;ls=180",cap41_ss,1.56901e+06,1.56209e+06,1.5754e+06,4891.53
VNS,"iter=100;shake=4;ls=180",cap81_ss,1.18976e+06,1.18673e+06,1.19526e+06,2846.44
VNS,"iter=100;shake=4;ls=180",cap111_ss,1.20412e+06,1.19595e+06,1.22476e+06,8349.24
VNS,"iter=100;shake=6;ls=180",cap41_ss,1.57087e+06,1.56195e+06,1.58678e+06,8042.06
VNS,"iter=100;shake=6;ls=180",cap81_ss,1.19387e+06,1.18487e+06,1.20253e+06,4877.06
VNS,"iter=100;shake=6;ls=180",cap111_ss,1.20443e+06,1.18701e+06,1.21475e+06,8334.13
VNS,"iter=100;shake=8;ls=180",cap41_ss,1.56823e+06,1.5624e+06,1.58205e+06,7051.88
VNS,"iter=100;shake=8;ls=180",cap81_ss,1.19424e+06,1.18705e+06,1.21039e+06,7007.79
VNS,"iter=100;shake=8;ls=180",cap111_ss,1.19775e+06,1.18882e+06,1.20751e+06,7246.09
VNS,"iter=100;shake=10;ls=180",cap41_ss,1.57545e+06,1.56312e+06,1.59221e+06,10562.3
VNS,"iter=100;shake=10;ls=180",cap81_ss,1.1915e+06,1.18586e+06,1.19695e+06,4136.24
VNS,"iter=100;shake=10;ls=180",cap111_ss,1.20148e+06,1.19477e+06,1.20707e+06,4649.14
VNS,"iter=100;shake=2;ls=200",cap41_ss,1.56793e+06,1.56218e+06,1.58289e+06,7414.41
VNS,"iter=100;shake=2;ls=200",cap81_ss,1.19212e+06,1.18594e+06,1.19595e+06,3122.63
VNS,"iter=100;shake=2;ls=200",cap111_ss,1.19326e+06,1.18743e+06,1.20431e+06,6010.96
VNS,"iter=100;shake=4;ls=200",cap41_ss,1.56821e+06,1.56166e+06,1.57847e+06,6471.1
VNS,"iter=100;shake=4;ls=200",cap81_ss,1.19265e+06,1.18655e+06,1.20068e+06,4316.57
VNS,"iter=100;shake=4;ls=200",cap111_ss,1.20526e+06,1.18839e+06,1.2255e+06,9951.59
VNS,"iter=100;shake=6;ls=200",cap41_ss,1.57433e+06,1.56032e+06,1.61448e+06,15932.1
VNS,"iter=100;shake=6;ls=200",cap81_ss,1.19036e+06,1.18604e+06,1.19367e+06,2516.9
VNS,"iter=100;shake=6;ls=200",cap111_ss,1.19605e+06,1.18791e+06,1.21088e+06,7249.52
VNS,"iter=100;shake=8;ls=200",cap41_ss,1.57791e+06,1.56112e+06,1.62148e+06,18052.7
VNS,"iter=100;shake=8;ls=200",cap81_ss,1.18996e+06,1.18666e+06,1.19726e+06,3585.34
VNS,"iter=100;shake=8;ls=200",cap111_ss,1.1995e+06,1.18467e+06,1.22006e+06,9649.39
VNS,"iter=100;shake=10;ls=200",cap41_ss,1.56708e+06,1.56342e+06,1.57807e+06,4473
VNS,"iter=100;shake=10;ls=200",cap81_ss,1.19081e+06,1.18763e+06,1.19234e+06,1545.92
VNS,"iter=100;shake=10;ls=200",cap111_ss,1.19606e+06,1.18588e+06,1.20932e+06,7535.65
VNS,"iter=100;shake=2;ls=220",cap41_ss,1.56602e+06,1.56032e+06,1.57544e+06,4255.89
VNS,"iter=100;shake=2;ls=220",cap81_ss,1.18851e+06,1.18574e+06,1.19524e+06,2741.21
VNS,"iter=100;shake=2;ls=220",cap111_ss,1.19806e+06,1.18919e+06,1.21489e+06,7869.12
VNS,"iter=100;shake=4;ls=220",cap41_ss,1.5705e+06,1.5624e+06,1.57959e+06,5822.69
VNS,"iter=100;shake=4;ls=220",cap81_ss,1.19011e+06,1.18626e+06,1.1953e+06,3711.26
VNS,"iter=100;shake=4;ls=220",cap111_ss,1.20113e+06,1.18979e+06,1.20948e+06,7501.49
VNS,"iter=100;shake=6;ls=220",cap41_ss,1.56844e+06,1.56324e+06,1.57311e+06,3840.43
VNS,"iter=100;shake=6;ls=220",cap81_ss,1.18723e+06,1.18341e+06,1.19286e+06,2817.54
VNS,"iter=100;shake=6;ls=220",cap111_ss,1.19715e+06,1.1861e+06,1.21235e+06,9062
VNS,"iter=100;shake=8;ls=220",cap41_ss,1.5653e+06,1.56185e+06,1.57347e+06,3773.85
VNS,"iter=100;shake=8;ls=220",cap81_ss,1.18899e+06,1.18654e+06,1.19596e+06,3077.23
VNS,"iter=100;shake=8;ls=220",cap111_ss,1.19564e+06,1.17789e+06,1.20537e+06,8848.41
VNS,"iter=100;shake=10;ls=220",cap41_ss,1.56798e+06,1.56166e+06,1.57868e+06,6725.04
VNS,"iter=100;shake=10;ls=220",cap81_ss,1.18744e+06,1.18178e+06,1.19162e+06,2665.82
VNS,"iter=100;shake=10;ls=220",cap111_ss,1.19349e+06,1.18178e+06,1.20914e+06,7920.8
VNS,"iter=125;shake=2;ls=120",cap41_ss,1.57086e+06,1.56512e+06,1.58341e+06,5770.29
VNS,"iter=125;shake=2;ls=120",cap81_ss,1.19485e+06,1.18593e+06,1.21264e+06,7794.03
VNS,"iter=125;shake=2;ls=120",cap111_ss,1.20416e+06,1.19117e+06,1.22318e+06,9939.98
VNS,"iter=125;shake=4;ls=120",cap41_ss,1.57351e+06,1.5627e+06,1.5854e+06,7856.89
VNS,"iter=125;shake=4;ls=120",cap81_ss,1.19358e+06,1.18342e+06,1.20292e+06,5782.01
VNS,"iter=125;shake=4;ls=120",cap111_ss,1.20575e+06,1.18701e+06,1.22984e+06,11966.9
VNS,"iter=125;shake=6;ls=120",cap41_ss,1.5771e+06,1.56482e+06,1.58991e+06,7921.05
VNS,"iter=125;shake=6;ls=120",cap81_ss,1.19701e+06,1.18611e+06,1.20799e+06,6770.34
VNS,"iter=125;shake=6;ls=120",cap111_ss,1.20755e+06,1.19859e+06,1.22907e+06,11438.3
VNS,"iter=125;shake=8;ls=120",cap41_ss,1.57868e+06,1.56123e+06,1.59261e+06,11202.4
VNS,"iter=125;shake=8;ls=120",cap81_ss,1.19891e+06,1.18394e+06,1.24033e+06,16223.1
VNS,"iter=125;shake=8;ls=120",cap111_ss,1.20271e+06,1.18672e+06,1.22471e+06,11173.6
VNS,"iter=125;shake=10;ls=120",cap41_ss,1.57255e+06,1.56216e+06,1.59366e+06,10854.8
VNS,"iter=125;shake=10;ls=120",cap81_ss,1.19171e+06,1.18499e+06,1.20086e+06,5108.82
VNS,"iter=125;shake=10;ls=120",cap111_ss,1.21124e+06,1.19532e+06,1.23147e+06,10910.2
VNS,"iter=125;shake=2;ls=140",cap41_ss,1.57365e+06,1.5647e+06,1.58112e+06,5469.84
VNS,"iter=125;shake=2;ls=140",cap81_ss,1.19063e+06,1.18778e+06,1.19413e+06,2119.59
VNS,"iter=125;shake=2;ls=140",cap111_ss,1.20234e+06,1.18863e+06,1.21502e+06,9067.12
VNS,"iter=125;shake=4;ls=140",cap41_ss,1.56889e+06,1.56107e+06,1.57708e+06,5441.93
VNS,"iter=125;shake=4;ls=140",cap81_ss,1.19748e+06,1.18818e+06,1.21191e+06,8358.96
VNS,"iter=125;shake=4;ls=140",cap111_ss,1.2025e+06,1.18328e+06,1.21623e+06,9437.06
VNS,"iter=125;shake=6;ls=140",cap41_ss,1.57417e+06,1.56436e+06,1.58272e+06,6432.08
VNS,"iter=125;shake=6;ls=140",cap81_ss,1.19026e+06,1.18317e+06,1.19624e+06,4009.43
VNS,"iter=125;shake=6;ls=140",cap111_ss,1.2004e+06,1.19052e+06,1.20872e+06,5350.33
VNS,"iter=125;shake=8;ls=140",cap41_ss,1.57121e+06,1.56228e+06,1.58163e+06,6709.06
VNS,"iter=125;shake=8;ls=140",cap81_ss,1.19155e+06,1.18501e+06,1.19638e+06,3920.22
VNS,"iter=125;shake=8;ls=140",cap111_ss,1.20136e+06,1.18374e+06,1.21273e+06,11395.9
VNS,"iter=125;shake=10;ls=140",cap41_ss,1.57145e+06,1.56206e+06,1.58312e+06,6643.32
VNS,"iter=125;shake=10;ls=140",cap81_ss,1.19391e+06,1.18617e+06,1.2051e+06,5639.93
VNS,"iter=125;shake=10;ls=140",cap111_ss,1.20255e+06,1.18637e+06,1.22081e+06,11668.9
VNS,"iter=125;shake=2;ls=160",cap41_ss,1.57116e+06,1.5603e+06,1.58199e+06,7017.89
VNS,"iter=125;shake=2;ls=160",cap81_ss,1.19258e+06,1.1871e+06,1.1997e+06,3981.82
VNS,"iter=125;shake=2;ls=160",cap111_ss,1.20372e+06,1.18627e+06,1.2332e+06,12724
VNS,"iter=125;shake=4;ls=160",cap41_ss,1.57319e+06,1.5619e+06,1.62487e+06,19650
VNS,"iter=125;shake=4;ls=160",cap81_ss,1.18837e+06,1.18346e+06,1.19383e+06,3370.68
VNS,"iter=125;shake=4;ls=160",cap111_ss,1.20106e+06,1.18328e+06,1.20886e+06,7838.02
VNS,"iter=125;shake=6;ls=160",cap41_ss,1.57464e+06,1.56553e+06,1.59898e+06,9903.86
VNS,"iter=125;shake=6;ls=160",cap81_ss,1.19167e+06,1.18395e+06,1.19615e+06,3785.96
VNS,"iter=125;shake=6;ls=160",cap111_ss,1.19739e+06,1.18724e+06,1.20642e+06,6068.82
VNS,"iter=125;shake=8;ls=160",cap41_ss,1.57283e+06,1.56221e+06,1.58813e+06,8010.55
VNS,"iter=125;shake=8;ls=160",cap81_ss,1.19314e+06,1.186e+06,1.20031e+06,4920.19
VNS,"iter=125;shake=8;ls=160",cap111_ss,1.20068e+06,1.18671e+06,1.22685e+06,12308.8
VNS,"iter=125;shake=10;ls=160",cap41_ss,1.56852e+06,1.55975e+06,1.57998e+06,5687.57
VNS,"iter=125;shake=10;ls=160",cap81_ss,1.19061e+06,1.18326e+06,1.19841e+06,5387.93
VNS,"iter=125;shake=10;ls=160",cap111_ss,1.19944e+06,1.18956e+06,1.2079e+06,6037.85
VNS,"iter=125;shake=2;ls=180",cap41_ss,1.56741e+06,1.56039e+06,1.57329e+06,4487.22
VNS,"iter=125;shake=2;ls=180",cap81_ss,1.18754e+06,1.1838e+06,1.19393e+06,3068.98
VNS,"iter=125;shake=2;ls=180",cap111_ss,1.19117e+06,1.18278e+06,1.20302e+06,5445.64
VNS,"iter=125;shake=4;ls=180",cap41_ss,1.57018e+06,1.56191e+06,1.58448e+06,8343.56
VNS,"iter=125;shake=4;ls=180",cap81_ss,1.18997e+06,1.18314e+06,1.19722e+06,4493.33
VNS,"iter=125;shake=4;ls=180",cap111_ss,1.19317e+06,1.17935e+06,1.2051e+06,7979.23
VNS,"iter=125;shake=6;ls=180",cap41_ss,1.5719e+06,1.56299e+06,1.58348e+06,7321.57
VNS,"iter=125;shake=6;ls=180",cap81_ss,1.18908e+06,1.1808e+06,1.19411e+06,4264.23
VNS,"iter=125;shake=6;ls=180",cap111_ss,1.20325e+06,1.1903e+06,1.21968e+06,7785.27
VNS,"iter=125;shake=8;ls=180",cap41_ss,1.57179e+06,1.56141e+06,1.59222e+06,10831.4
VNS,"iter=125;shake=8;ls=180",cap81_ss,1.18841e+06,1.18441e+06,1.19044e+06,2048.26
VNS,"iter=125;shake=8;ls=180",cap111_ss,1.19573e+06,1.18213e+06,1.20572e+06,7434.16
VNS,"iter=125;shake=10;ls=180",cap41_ss,1.57003e+06,1.56043e+06,1.58912e+06,9115.93
VNS,"iter=125;shake=10;ls=180",cap81_ss,1.19028e+06,1.18616e+06,1.19543e+06,3247.78
VNS,"iter=125;shake=10;ls=180",cap111_ss,1.20039e+06,1.19241e+06,1.20774e+06,5199.83
VNS,"iter=160;shake=2;ls=85",cap41_ss,1.58268e+06,1.57016e+06,1.62971e+06,18415.4
VNS,"iter=160;shake=2;ls=85",cap81_ss,1.19249e+06,1.18553e+06,1.20183e+06,5577.95
VNS,"iter=160;shake=2;ls=85",cap111_ss,1.20589e+06,1.19127e+06,1.22238e+06,9699.89
VNS,"iter=160;shake=4;ls=85",cap41_ss,1.57081e+06,1.5618e+06,1.5843e+06,6321.99
VNS,"iter=160;shake=4;ls=85",cap81_ss,1.19492e+06,1.18485e+06,1.2019e+06,5269.51
VNS,"iter=160;shake=4;ls=85",cap111_ss,1.2097e+06,1.19295e+06,1.21895e+06,7328.2
VNS,"iter=160;shake=6;ls=85",cap41_ss,1.5764e+06,1.56279e+06,1.61548e+06,15867.7
VNS,"iter=160;shake=6;ls=85",cap81_ss,1.19658e+06,1.19049e+06,1.20598e+06,4810.43
VNS,"iter=160;shake=6;ls=85",cap111_ss,1.20871e+06,1.18987e+06,1.22735e+06,10999.8
VNS,"iter=160;shake=8;ls=85",cap41_ss,1.58055e+06,1.56265e+06,1.59421e+06,12144.6
VNS,"iter=160;shake=8;ls=85",cap81_ss,1.19643e+06,1.18985e+06,1.20243e+06,4606.21
VNS,"iter=160;shake=8;ls=85",cap111_ss,1.21425e+06,1.20407e+06,1.22816e+06,8346.48
VNS,"iter=160;shake=10;ls=85",cap41_ss,1.57359e+06,1.56488e+06,1.59061e+06,10033.6
VNS,"iter=160;shake=10;ls=85",cap81_ss,1.19399e+06,1.18518e+06,1.20754e+06,6604.98
VNS,"iter=160;shake=10;ls=85",cap111_ss,1.20551e+06,1.18603e+06,1.21896e+06,10931.5
VNS,"iter=160;shake=2;ls=105",cap41_ss,1.56974e+06,1.56145e+06,1.5822e+06,8035.23
VNS,"iter=160;shake=2;ls=105",cap81_ss,1.19101e+06,1.18509e+06,1.20196e+06,5237.01
VNS,"iter=160;shake=2;ls=105",cap111_ss,1.20251e+06,1.18858e+06,1.22109e+06,10963.5
VNS,"iter=160;shake=4;ls=105",cap41_ss,1.57519e+06,1.5621e+06,1.58821e+06,8283.07
VNS,"iter=160;shake=4;ls=105",cap81_ss,1.1923e+06,1.18495e+06,1.20005e+06,5424.54
VNS,"iter=160;shake=4;ls=105",cap111_ss,1.20626e+06,1.19222e+06,1.23724e+06,13596.1
VNS,"iter=160;shake=6;ls=105",cap41_ss,1.57108e+06,1.56527e+06,1.58154e+06,6264.76
VNS,"iter=160;shake=6;ls=105",cap81_ss,1.19365e+06,1.1844e+06,1.20011e+06,4563.62
VNS,"iter=160;shake=6;ls=105",cap111_ss,1.1971e+06,1.18451e+06,1.20757e+06,7520.78
VNS,"iter=160;shake=8;ls=105",cap41_ss,1.57484e+06,1.56575e+06,1.58617e+06,7048.4
VNS,"iter=160;shake=8;ls=105",cap81_ss,1.19292e+06,1.19057e+06,1.1967e+06,2008.5
VNS,"iter=160;shake=8;ls=105",cap111_ss,1.20845e+06,1.19261e+06,1.22121e+06,8392.99
VNS,"iter=160;shake=10;ls=105",cap41_ss,1.56875e+06,1.5607e+06,1.57602e+06,5520.91
VNS,"iter=160;shake=10;ls=105",cap81_ss,1.19698e+06,1.18702e+06,1.20964e+06,6471.52
VNS,"iter=160;shake=10;ls=105",cap111_ss,1.2002e+06,1.19077e+06,1.21623e+06,7724.17
VNS,"iter=160;shake=2;ls=125",cap41_ss,1.56875e+06,1.56208e+06,1.57839e+06,4717.96
VNS,"iter=160;shake=2;ls=125",cap81_ss,1.1946e+06,1.18809e+06,1.20355e+06,4923.93
VNS,"iter=160;shake=2;ls=125",cap111_ss,1.2002e+06,1.18407e+06,1.21228e+06,9284
VNS,"iter=160;shake=4;ls=125",cap41_ss,1.57256e+06,1.56187e+06,1.58032e+06,6264.13
VNS,"iter=160;shake=4;ls=125",cap81_ss,1.18874e+06,1.18563e+06,1.194e+06,2734.27
VNS,"iter=160;shake=4;ls=125",cap111_ss,1.19782e+06,1.18591e+06,1.20901e+06,6846.03
VNS,"iter=160;shake=6;ls=125",cap41_ss,1.57088e+06,1.56255e+06,1.57793e+06,5654.14
VNS,"iter=160;shake=6;ls=125",cap81_ss,1.19294e+06,1.18896e+06,1.19972e+06,3622.7
VNS,"iter=160;shake=6;ls=125",cap111_ss,1.20227e+06,1.18965e+06,1.21749e+06,8170.87
VNS,"iter=160;shake=8;ls=125",cap41_ss,1.57264e+06,1.56442e+06,1.59219e+06,9124.96
VNS,"iter=160;shake=8;ls=125",cap81_ss,1.19056e+06,1.18608e+06,1.19897e+06,4085.08
VNS,"iter=160;shake=8;ls=125",cap111_ss,1.19578e+06,1.18196e+06,1.23007e+06,14897.6
VNS,"iter=160;shake=10;ls=125",cap41_ss,1.57631e+06,1.56117e+06,1.60284e+06,11909.3
VNS,"iter=160;shake=10;ls=125",cap81_ss,1.18612e+06,1.18345e+06,1.19229e+06,3321.22
VNS,"iter=160;shake=10;ls=125",cap111_ss,1.19513e+06,1.17957e+06,1.20943e+06,11187.9
VNS,"iter=160;shake=2;ls=145",cap41_ss,1.56594e+06,1.56085e+06,1.57032e+06,2893.13
VNS,"iter=160;shake=2;ls=145",cap81_ss,1.19069e+06,1.18145e+06,1.20327e+06,6681.74
VNS,"iter=160;shake=2;ls=145",cap111_ss,1.19847e+06,1.189e+06,1.21118e+06,7332.84
VNS,"iter=160;shake=4;ls=145",cap41_ss,1.56672e+06,1.55975e+06,1.57481e+06,5255.16
VNS,"iter=160;shake=4;ls=145",cap81_ss,1.19056e+06,1.18197e+06,1.196e+06,4821.53
VNS,"iter=160;shake=4;ls=145",cap111_ss,1.19679e+06,1.1748e+06,1.22009e+06,18451.8
VNS,"iter=160;shake=6;ls=145",cap41_ss,1.57286e+06,1.56459e+06,1.58272e+06,5365.15
VNS,"iter=160;shake=6;ls=145",cap81_ss,1.18935e+06,1.18292e+06,1.19553e+06,4518.97
VNS,"iter=160;shake=6;ls=145",cap111_ss,1.20122e+06,1.19132e+06,1.21818e+06,8923.81
VNS,"iter=160;shake=8;ls=145",cap41_ss,1.5695e+06,1.56274e+06,1.57996e+06,6043.58
VNS,"iter=160;shake=8;ls=145",cap81_ss,1.19047e+06,1.18271e+06,1.19779e+06,5087.43
VNS,"iter=160;shake=8;ls=145",cap111_ss,1.19374e+06,1.17586e+06,1.20315e+06,7693.07
VNS,"iter=160;shake=10;ls=145",cap41_ss,1.5731e+06,1.56291e+06,1.58211e+06,6464.64
VNS,"iter=160;shake=10;ls=145",cap81_ss,1.18906e+06,1.18499e+06,1.19754e+06,4091.16
VNS,"iter=160;shake=10;ls=145",cap111_ss,1.19568e+06,1.1825e+06,1.20494e+06,6335.1
VNS,"iter=200;shake=2;ls=60",cap41_ss,1.58018e+06,1.56418e+06,1.59822e+06,9534.49
VNS,"iter=200;shake=2;ls=60",cap81_ss,1.19609e+06,1.18878e+06,1.2048e+06,4412.18
VNS,"iter=200;shake=2;ls=60",cap111_ss,1.20974e+06,1.18914e+06,1.22544e+06,12223.6
VNS,"iter=200;shake=4;ls=60",cap41_ss,1.57101e+06,1.56465e+06,1.58354e+06,6019.04
VNS,"iter=200;shake=4;ls=60",cap81_ss,1.20022e+06,1.19005e+06,1.21426e+06,7550.44
VNS,"iter=200;shake=4;ls=60",cap111_ss,1.20331e+06,1.19171e+06,1.21378e+06,7646.28
VNS,"iter=200;shake=6;ls=60",cap41_ss,1.58481e+06,1.5623e+06,1.62358e+06,18275.9
VNS,"iter=200;shake=6;ls=60",cap81_ss,1.19376e+06,1.18425e+06,1.20009e+06,4809.31
VNS,"iter=200;shake=6;ls=60",cap111_ss,1.20671e+06,1.18996e+06,1.22588e+06,10511.7
VNS,"iter=200;shake=8;ls=60",cap41_ss,1.58546e+06,1.56869e+06,1.63173e+06,21035.3
VNS,"iter=200;shake=8;ls=60",cap81_ss,1.19908e+06,1.18783e+06,1.20479e+06,5906.69
VNS,"iter=200;shake=8;ls=60",cap111_ss,1.20752e+06,1.19334e+06,1.21946e+06,9176.04
VNS,"iter=200;shake=10;ls=60",cap41_ss,1.58108e+06,1.57308e+06,1.6007e+06,8627.48
VNS,"iter=200;shake=10;ls=60",cap81_ss,1.19621e+06,1.18791e+06,1.20887e+06,5513.88
VNS,"iter=200;shake=10;ls=60",cap111_ss,1.20133e+06,1.18696e+06,1.21482e+06,8750.67
VNS,"iter=200;shake=2;ls=80",cap41_ss,1.56953e+06,1.56411e+06,1.57574e+06,4528.95
VNS,"iter=200;shake=2;ls=80",cap81_ss,1.19297e+06,1.18386e+06,1.19922e+06,5457.28
VNS,"iter=200;shake=2;ls=80",cap111_ss,1.19771e+06,1.18703e+06,1.21149e+06,8049.55
VNS,"iter=200;shake=4;ls=80",cap41_ss,1.57986e+06,1.56585e+06,1.61822e+06,17438.6
VNS,"iter=200;shake=4;ls=80",cap81_ss,1.1945e+06,1.18796e+06,1.20678e+06,6976.96
VNS,"iter=200;shake=4;ls=80",cap111_ss,1.1998e+06,1.18832e+06,1.20703e+06,6515.97
VNS,"iter=200;shake=6;ls=80",cap41_ss,1.58112e+06,1.56499e+06,1.62814e+06,19123
VNS,"iter=200;shake=6;ls=80",cap81_ss,1.19581e+06,1.18849e+06,1.2084e+06,5457.58
VNS,"iter=200;shake=6;ls=80",cap111_ss,1.2125e+06,1.19141e+06,1.23552e+06,14816.8
VNS,"iter=200;shake=8;ls=80",cap41_ss,1.57469e+06,1.56611e+06,1.5942e+06,8388.59
VNS,"iter=200;shake=8;ls=80",cap81_ss,1.19458e+06,1.189e+06,1.20775e+06,5331.86
VNS,"iter=200;shake=8;ls=80",cap111_ss,1.2024e+06,1.19327e+06,1.2088e+06,4282.16
VNS,"iter=200;shake=10;ls=80",cap41_ss,1.5813e+06,1.56943e+06,1.6022e+06,12752.2
VNS,"iter=200;shake=10;ls=80",cap81_ss,1.19112e+06,1.18592e+06,1.2001e+06,4261.78
VNS,"iter=200;shake=10;ls=80",cap111_ss,1.20581e+06,1.19477e+06,1.21985e+06,6721.94
VNS,"iter=200;shake=2;ls=100",cap41_ss,1.56901e+06,1.56059e+06,1.57867e+06,6343.13
VNS,"iter=200;shake=2;ls=100",cap81_ss,1.18919e+06,1.18618e+06,1.1917e+06,1810.1
VNS,"iter=200;shake=2;ls=100",cap111_ss,1.20505e+06,1.19457e+06,1.23737e+06,13142.5
VNS,"iter=200;shake=4;ls=100",cap41_ss,1.57159e+06,1.56161e+06,1.59252e+06,9919.78
VNS,"iter=200;shake=4;ls=100",cap81_ss,1.19242e+06,1.18519e+06,1.19825e+06,4166.36
VNS,"iter=200;shake=4;ls=100",cap111_ss,1.20037e+06,1.18624e+06,1.21306e+06,7197.47
VNS,"iter=200;shake=6;ls=100",cap41_ss,1.57363e+06,1.56621e+06,1.58639e+06,6730.4
VNS,"iter=200;shake=6;ls=100",cap81_ss,1.19052e+06,1.18603e+06,1.19584e+06,2958.85
VNS,"iter=200;shake=6;ls=100",cap111_ss,1.19641e+06,1.18484e+06,1.20131e+06,4846.98
VNS,"iter=200;shake=8;ls=100",cap41_ss,1.5709e+06,1.5622e+06,1.58683e+06,8785.27
VNS,"iter=200;shake=8;ls=100",cap81_ss,1.19242e+06,1.18633e+06,1.19868e+06,4285.38
VNS,"iter=200;shake=8;ls=100",cap111_ss,1.19811e+06,1.19163e+06,1.20738e+06,4925.19
VNS,"iter=200;shake=10;ls=100",cap41_ss,1.56787e+06,1.56174e+06,1.58285e+06,5944.97
VNS,"iter=200;shake=10;ls=100",cap81_ss,1.19043e+06,1.18612e+06,1.20007e+06,4642
VNS,"iter=200;shake=10;ls=100",cap111_ss,1.20195e+06,1.19676e+06,1.21348e+06,4888.66
VNS,"iter=200;shake=2;ls=120",cap41_ss,1.57979e+06,1.5618e+06,1.64908e+06,27700
VNS,"iter=200;shake=2;ls=120",cap81_ss,1.18653e+06,1.18074e+06,1.19156e+06,3435.95
VNS,"iter=200;shake=2;ls=120",cap111_ss,1.2006e+06,1.19172e+06,1.21414e+06,8231.94
VNS,"iter=200;shake=4;ls=120",cap41_ss,1.57088e+06,1.5645e+06,1.58602e+06,6937.07
VNS,"iter=200;shake=4;ls=120",cap81_ss,1.19146e+06,1.18585e+06,1.19719e+06,4568.05
VNS,"iter=200;shake=4;ls=120",cap111_ss,1.19865e+06,1.18814e+06,1.20756e+06,7106.51
VNS,"iter=200;shake=6;ls=120",cap41_ss,1.57603e+06,1.56271e+06,1.61619e+06,16226.5
VNS,"iter=200;shake=6;ls=120",cap81_ss,1.19209e+06,1.18636e+06,1.20001e+06,4513.04
VNS,"iter=200;shake=6;ls=120",cap111_ss,1.19507e+06,1.18149e+06,1.21624e+06,11832.3
VNS,"iter=200;shake=8;ls=120",cap41_ss,1.56922e+06,1.56395e+06,1.57729e+06,3535.38
VNS,"iter=200;shake=8;ls=120",cap81_ss,1.1915e+06,1.189e+06,1.19817e+06,2678.22
VNS,"iter=200;shake=8;ls=120",cap111_ss,1.19594e+06,1.18149e+06,1.20556e+06,7689.95
VNS,"iter=200;shake=10;ls=120",cap41_ss,1.56537e+06,1.56059e+06,1.56812e+06,2209.87
VNS,"iter=200;shake=10;ls=120",cap81_ss,1.18911e+06,1.18487e+06,1.19721e+06,3642.49
VNS,"iter=200;shake=10;ls=120",cap111_ss,1.19223e+06,1.18378e+06,1.20062e+06,5744.05
